[{"@type":"mappingTemplate","id":"@1","name":"Raw_Staging_ad_gb_acct_Non_Param","description":"","bundleVersion":"0","templateId":"@3","hasParameters":false,"valid":true,"fixedConnection":true,"hasParametersDeployed":false,"fixedConnectionDeployed":false,"tasks":1,"mappingPreviewFileRecordId":"@2","documentType":"","references":[{"@type":"reference","refObjectId":"@2ZrqgETtbtoe5B6ElnTJeJ","refType":"connection"},{"@type":"reference","refObjectId":"@8DQON6flP1Jkz8hkKhQkwk","refType":"connection"}]}]