[{"@type":"mtTask","id":"@1","name":"mt_completeness_parm","description":"Mapping task created as a wrapper of Completeness mapping. The parameters specified here are sample parameters which is later overwritten within the taskfkows.","runtimeEnvironmentId":"@2kgC2Qn4ugGbWV33u8NDUv","maxLogs":10,"verbose":false,"lastRunTime":1609856450000,"mappingId":"@2eEU8TOKOC7kI0JoaEThWn","shortDescription":"Mapping task created as a wrapper of Completeness ...","sessionPropertiesList":[],"enableCrossSchemaPushdown":true,"enableParallelRun":true,"autoTunedApplied":false,"autoTunedAppliedType":"NONE","paramFileType":"PARAM_FILE_LOCAL","parameterFileEncoding":"UTF-8","serverlessProperties":{},"parameters":[{"@type":"mtTaskParameter","id":179639827,"name":"$src_Completeness$","type":"EXTENDED_SOURCE","label":"p_src_connection","description":"","uiProperties":{"cnxtype":"SqlServer","connDefault":"SGP Viewpoint Corp","connectionParameterized":"true","logcnx":"p_src_connection","isMsrcFilterParameterized":"false","isMsrcSortParameterized":"false","default":"Addresses","objlabel":"p_src_table","objectParameterized":"true","objDesc":""},"sourceConnectionId":"@2GEBiDoLgBQcNqxFLPgku2","newFlatFile":false,"newObject":false,"showBusinessNames":true,"naturalOrder":true,"truncateTarget":false,"bulkApiDBTarget":false,"customFuncCfg":{"@type":"customFuncConfig","id":-1,"connections":[],"inputMap":[],"outputFields":[]},"tgtFieldRefs":{},"targetUpdateColumns":[],"extendedObject":{"@type":"extendedObject","object":{"@type":"mObject","name":"EMPLOYEE","label":"EMPLOYEE","metadataUpdated":false,"relations":[],"children":[]},"advancedFilterExpression":"","filters":[],"sortFields":[]},"runtimeAttrs":{},"isRESTModernSource":true,"isFileList":false,"handleSpecialChars":false,"frsAsset":false,"dynamicFileName":false,"currentlyProcessedFileName":false,"tgtObjectAttributes":{},"runtimeParameterData":{"@type":"mtTaskRuntimeParameterData","isConnectionRuntimeParameter":false,"isObjectRuntimeParameter":false,"connectionParameterName":"p_src_connection","objectParameterName":"p_src_table"},"overriddenFields":[]},{"@type":"mtTaskParameter","id":179639830,"name":"$tgt_Completeness$","type":"TARGET","label":"tgt_Completeness","uiProperties":{"connectionParameterized":"false","objlabel":"p_tmp_table","objectParameterized":"true","objDesc":"","defaultTargetUpdateColumns":""},"targetConnectionId":"@0Y0aoL0wMO1dkrcsXVp6UP","targetObject":"CompletenessParm","targetObjectLabel":"CompletenessParm","newFlatFile":false,"newObject":true,"showBusinessNames":true,"naturalOrder":true,"newObjectName":"CompletenessParm","truncateTarget":true,"bulkApiDBTarget":false,"operationType":"Insert","customFuncCfg":{"@type":"customFuncConfig","id":-1,"connections":[],"inputMap":[],"outputFields":[]},"tgtFieldRefs":{},"targetUpdateColumns":[],"extendedObject":{"@type":"extendedObject","filters":[],"sortFields":[]},"runtimeAttrs":{},"isRESTModernSource":true,"isFileList":false,"handleSpecialChars":false,"frsAsset":false,"dynamicFileName":false,"currentlyProcessedFileName":false,"tgtObjectAttributes":{},"runtimeParameterData":{"@type":"mtTaskRuntimeParameterData","isConnectionRuntimeParameter":false,"isObjectRuntimeParameter":false,"objectParameterName":"p_tmp_table"},"overriddenFields":[]},{"@type":"mtTaskParameter","id":179639833,"name":"$tgt_Completeness_InvalidRecordsKey$","type":"TARGET","label":"tgt_Completeness_InvalidRecordsKey","uiProperties":{"connectionParameterized":"false","objlabel":"p_tgt_invalid_tablekeys","objectParameterized":"true","objDesc":"","defaultTargetUpdateColumns":""},"targetConnectionId":"@0Y0aoL0wMO1dkrcsXVp6UP","targetObject":"CompletenessParmInvalidKeys","targetObjectLabel":"CompletenessParmInvalidKeys","newFlatFile":false,"newObject":true,"showBusinessNames":true,"naturalOrder":true,"newObjectName":"CompletenessParmInvalidKeys","truncateTarget":false,"bulkApiDBTarget":false,"operationType":"Insert","customFuncCfg":{"@type":"customFuncConfig","id":-1,"connections":[],"inputMap":[],"outputFields":[]},"tgtFieldRefs":{},"targetUpdateColumns":[],"extendedObject":{"@type":"extendedObject","filters":[],"sortFields":[]},"runtimeAttrs":{},"isRESTModernSource":true,"isFileList":false,"handleSpecialChars":false,"frsAsset":false,"dynamicFileName":false,"currentlyProcessedFileName":false,"tgtObjectAttributes":{},"runtimeParameterData":{"@type":"mtTaskRuntimeParameterData","isConnectionRuntimeParameter":false,"isObjectRuntimeParameter":false,"objectParameterName":"p_tgt_invalid_tablekeys"},"overriddenFields":[]},{"@type":"mtTaskParameter","id":179639836,"name":"$tgt_Completeness_ValidRecordsKey$","type":"TARGET","label":"tgt_Completeness_ValidRecordsKey","uiProperties":{"connectionParameterized":"false","objlabel":"p_tgt_valid_tablekeys","objectParameterized":"true","objDesc":"","defaultTargetUpdateColumns":""},"targetConnectionId":"@0Y0aoL0wMO1dkrcsXVp6UP","targetObject":"CompletenessParmValidKeys","targetObjectLabel":"CompletenessParmValidKeys","newFlatFile":false,"newObject":true,"showBusinessNames":true,"naturalOrder":true,"newObjectName":"CompletenessParmValidKeys","truncateTarget":false,"bulkApiDBTarget":false,"operationType":"Insert","customFuncCfg":{"@type":"customFuncConfig","id":-1,"connections":[],"inputMap":[],"outputFields":[]},"tgtFieldRefs":{},"targetUpdateColumns":[],"extendedObject":{"@type":"extendedObject","filters":[],"sortFields":[]},"runtimeAttrs":{},"isRESTModernSource":true,"isFileList":false,"handleSpecialChars":false,"frsAsset":false,"dynamicFileName":false,"currentlyProcessedFileName":false,"tgtObjectAttributes":{},"runtimeParameterData":{"@type":"mtTaskRuntimeParameterData","isConnectionRuntimeParameter":false,"isObjectRuntimeParameter":false,"objectParameterName":"p_tgt_valid_tablekeys"},"overriddenFields":[]},{"@type":"mtTaskParameter","id":179639839,"name":"$p_fields_to_check$","type":"STRING","text":"(?:(?:^|, )(Emp_ID|Email))+$","label":"p_fields_to_check","description":"","uiProperties":{"default":"(?:(?:^|, )(Address|City|Country))+$"},"newFlatFile":false,"newObject":false,"showBusinessNames":true,"naturalOrder":true,"truncateTarget":false,"bulkApiDBTarget":false,"customFuncCfg":{"@type":"customFuncConfig","id":-1,"connections":[],"inputMap":[],"outputFields":[]},"tgtFieldRefs":{},"targetUpdateColumns":[],"runtimeAttrs":{},"isRESTModernSource":true,"isFileList":false,"handleSpecialChars":false,"frsAsset":false,"dynamicFileName":false,"currentlyProcessedFileName":false,"tgtObjectAttributes":{},"runtimeParameterData":{"@type":"mtTaskRuntimeParameterData","isConnectionRuntimeParameter":false,"isObjectRuntimeParameter":false},"overriddenFields":[]},{"@type":"mtTaskParameter","id":179639842,"name":"$p_instance_rule_id$","type":"STRING","text":"MT","label":"p_instance_rule_id","description":"","uiProperties":{},"newFlatFile":false,"newObject":false,"showBusinessNames":true,"naturalOrder":true,"truncateTarget":false,"bulkApiDBTarget":false,"customFuncCfg":{"@type":"customFuncConfig","id":-1,"connections":[],"inputMap":[],"outputFields":[]},"tgtFieldRefs":{},"targetUpdateColumns":[],"runtimeAttrs":{},"isRESTModernSource":true,"isFileList":false,"handleSpecialChars":false,"frsAsset":false,"dynamicFileName":false,"currentlyProcessedFileName":false,"tgtObjectAttributes":{},"runtimeParameterData":{"@type":"mtTaskRuntimeParameterData","isConnectionRuntimeParameter":false,"isObjectRuntimeParameter":false},"overriddenFields":[]},{"@type":"mtTaskParameter","id":179639845,"name":"$p_src_country$","type":"STRING","text":"MT","label":"p_src_country","description":"","uiProperties":{},"newFlatFile":false,"newObject":false,"showBusinessNames":true,"naturalOrder":true,"truncateTarget":false,"bulkApiDBTarget":false,"customFuncCfg":{"@type":"customFuncConfig","id":-1,"connections":[],"inputMap":[],"outputFields":[]},"tgtFieldRefs":{},"targetUpdateColumns":[],"runtimeAttrs":{},"isRESTModernSource":true,"isFileList":false,"handleSpecialChars":false,"frsAsset":false,"dynamicFileName":false,"currentlyProcessedFileName":false,"tgtObjectAttributes":{},"runtimeParameterData":{"@type":"mtTaskRuntimeParameterData","isConnectionRuntimeParameter":false,"isObjectRuntimeParameter":false},"overriddenFields":[]},{"@type":"mtTaskParameter","id":179639848,"name":"$p_src_key_fields$","type":"STRING","text":"(?:(?:^|, )(Emp_ID|Email))+$","label":"p_src_key_fields","description":"","uiProperties":{},"newFlatFile":false,"newObject":false,"showBusinessNames":true,"naturalOrder":true,"truncateTarget":false,"bulkApiDBTarget":false,"customFuncCfg":{"@type":"customFuncConfig","id":-1,"connections":[],"inputMap":[],"outputFields":[]},"tgtFieldRefs":{},"targetUpdateColumns":[],"runtimeAttrs":{},"isRESTModernSource":true,"isFileList":false,"handleSpecialChars":false,"frsAsset":false,"dynamicFileName":false,"currentlyProcessedFileName":false,"tgtObjectAttributes":{},"runtimeParameterData":{"@type":"mtTaskRuntimeParameterData","isConnectionRuntimeParameter":false,"isObjectRuntimeParameter":false},"overriddenFields":[]},{"@type":"mtTaskParameter","id":179639851,"name":"$p_src_table_str$","type":"STRING","text":"MT","label":"p_src_table_str","description":"","uiProperties":{},"newFlatFile":false,"newObject":false,"showBusinessNames":true,"naturalOrder":true,"truncateTarget":false,"bulkApiDBTarget":false,"customFuncCfg":{"@type":"customFuncConfig","id":-1,"connections":[],"inputMap":[],"outputFields":[]},"tgtFieldRefs":{},"targetUpdateColumns":[],"runtimeAttrs":{},"isRESTModernSource":true,"isFileList":false,"handleSpecialChars":false,"frsAsset":false,"dynamicFileName":false,"currentlyProcessedFileName":false,"tgtObjectAttributes":{},"runtimeParameterData":{"@type":"mtTaskRuntimeParameterData","isConnectionRuntimeParameter":false,"isObjectRuntimeParameter":false},"overriddenFields":[]},{"@type":"mtTaskParameter","id":179639854,"name":"$p_taskflow_runid$","type":"STRING","text":"MT","label":"p_taskflow_runid","description":"","uiProperties":{},"newFlatFile":false,"newObject":false,"showBusinessNames":true,"naturalOrder":true,"truncateTarget":false,"bulkApiDBTarget":false,"customFuncCfg":{"@type":"customFuncConfig","id":-1,"connections":[],"inputMap":[],"outputFields":[]},"tgtFieldRefs":{},"targetUpdateColumns":[],"runtimeAttrs":{},"isRESTModernSource":true,"isFileList":false,"handleSpecialChars":false,"frsAsset":false,"dynamicFileName":false,"currentlyProcessedFileName":false,"tgtObjectAttributes":{},"runtimeParameterData":{"@type":"mtTaskRuntimeParameterData","isConnectionRuntimeParameter":false,"isObjectRuntimeParameter":false},"overriddenFields":[]}],"sequences":[],"inOutParameters":[],"connRuntimeAttrs":[]}]