[{"@type":"mappingTemplate","id":"@1","name":"m_normalize_dq_results","description":"This mapping is used for few DQ checks developed, those that we are able to apply on multiple columns individually.\nWe get the temporary table generated and normalize the results - calling a stored procedure.","bundleVersion":"0","templateId":"@3","deployTime":1609757923000,"hasParameters":true,"valid":true,"fixedConnection":true,"hasParametersDeployed":true,"fixedConnectionDeployed":true,"tasks":1,"mappingPreviewFileRecordId":"@2","documentType":"MAPPING","references":[{"@type":"reference","refObjectId":"@2GEBiDoLgBQcNqxFLPgku2","refType":"connection"},{"@type":"reference","refObjectId":"@0Y0aoL0wMO1dkrcsXVp6UP","refType":"connection"}]}]