[{"@type":"customSource","id":"@1","name":"CallFunction","type":"SqlServer","query":"SELECT * FROM GetSP_exeFunc(111)","fields":[{"@type":"field","id":88585120,"name":"ID","type":"bigint","uniqueName":"ID","label":"ID","parentObject":"CallFunction","pcType":"INT","precision":19,"scale":0,"columnIndex":0,"isKey":false,"isExternalId":false,"isSfIdLookup":false,"isNullable":false,"isUnique":false,"isCreateable":false,"isUpdateable":true,"isFilterable":true,"isCalculated":false,"showLabel":true,"naturalOrder":0,"linkedFields":[],"relatedInfos":[],"references":[]},{"@type":"field","id":88585123,"name":"BookName","type":"varchar","uniqueName":"BookName","label":"BookName","parentObject":"CallFunction","pcType":"STRING","precision":50,"scale":0,"columnIndex":1,"isKey":false,"isExternalId":false,"isSfIdLookup":false,"isNullable":true,"isUnique":false,"isCreateable":false,"isUpdateable":true,"isFilterable":true,"isCalculated":false,"showLabel":true,"naturalOrder":0,"linkedFields":[],"relatedInfos":[],"references":[]},{"@type":"field","id":88585126,"name":"BookAuthor","type":"varchar","uniqueName":"BookAuthor","label":"BookAuthor","parentObject":"CallFunction","pcType":"STRING","precision":50,"scale":0,"columnIndex":2,"isKey":false,"isExternalId":false,"isSfIdLookup":false,"isNullable":true,"isUnique":false,"isCreateable":false,"isUpdateable":true,"isFilterable":true,"isCalculated":false,"showLabel":true,"naturalOrder":0,"linkedFields":[],"relatedInfos":[],"references":[]},{"@type":"field","id":88585129,"name":"Published","type":"varchar","uniqueName":"Published","label":"Published","parentObject":"CallFunction","pcType":"STRING","precision":50,"scale":0,"columnIndex":3,"isKey":false,"isExternalId":false,"isSfIdLookup":false,"isNullable":true,"isUnique":false,"isCreateable":false,"isUpdateable":true,"isFilterable":true,"isCalculated":false,"showLabel":true,"naturalOrder":0,"linkedFields":[],"relatedInfos":[],"references":[]}]}]