[{"@type":"mappingTemplate","id":"@1","name":"m_migrate_tables_Teradata_Snowflake_incr","description":"","bundleVersion":"0","templateId":"@3","deployTime":1603361851000,"hasParameters":true,"valid":true,"fixedConnection":true,"hasParametersDeployed":true,"fixedConnectionDeployed":true,"tasks":0,"mappingPreviewFileRecordId":"@2","references":[{"@type":"reference","refObjectId":"@kr0Es0mDBm2jChfkp7zxOK","refType":"connection"},{"@type":"reference","refObjectId":"@eWDiuEEdIakk7BTVP6h2Ef","refType":"connection"}]}]