[{"@type":"mappingTemplate","id":"@1","name":"Mapping21","description":"","bundleVersion":"0","templateId":"@3","deployTime":1608534830000,"hasParameters":false,"valid":true,"fixedConnection":true,"hasParametersDeployed":false,"fixedConnectionDeployed":true,"tasks":0,"mappingPreviewFileRecordId":"@2","documentType":"MAPPING","references":[{"@type":"reference","refObjectId":"@6d92PaWDO6hiDUTxQlQIMF","refType":"connection"},{"@type":"reference","refObjectId":"@7ko7mTTVgdpcK0u1bP4Oc0","refType":"customSource"},{"@type":"reference","refObjectId":"@8DQON6flP1Jkz8hkKhQkwk","refType":"connection"}]}]