[{"@type":"dssTask","id":"@1","name":"Synchronization Task2","description":"","maxLogs":10,"sourceConnectionId":"@6d92PaWDO6hiDUTxQlQIMF","targetConnectionId":"@8DQON6flP1Jkz8hkKhQkwk","targetObject":"CallFunction.csv","operation":"Insert","maxRows":0,"truncateTarget":false,"bulkApiDBTarget":false,"verbose":true,"tgtFlatFileAttrs":{"@type":"flatFileAttrs","id":27101347,"delimiter":",","textQualifier":"\"","escapeChar":"","headerLineNo":1,"firstDataRow":2},"targetMetadataUpdated":false,"modelVersion":"V3-R600","customSourceId":"@7ko7mTTVgdpcK0u1bP4Oc0","queryAll":false,"srcSettings":{"@type":"taskDataSourceSetting","isShowLabels":false,"isNaturalOrder":true},"tgtSettings":{"@type":"taskDataSourceSetting","isShowLabels":false,"isNaturalOrder":true},"cfSettings":{"@type":"taskDataSourceSetting","isShowLabels":false,"isNaturalOrder":false},"bulkApi":false,"bulkApiSerialMode":false,"bulkApiMonitor":false,"isTargetObjectSfCustom":false,"allowNullUpdates":false,"targetBatchSize":200,"assignmentRuleId":"-1","assignmentRuleType":"None","createSuccessFile":false,"bulkApiHardDelete":false,"srcRuntimeAttrs":{"@type":"taskRuntimeAttrs","attrs":{}},"tgtRuntimeAttrs":{"@type":"taskRuntimeAttrs","attrs":{}},"parameterFileEncoding":"UTF-8","sourceObjects":[],"advancedFilters":[],"filters":[],"fieldMaps":[{"@type":"fieldMap","id":"30733495","targetField":{"@type":"field","id":88480978,"name":"ID","type":"bigint","uniqueName":"ID","label":"ID","parentObject":"CallFunction.csv","pcType":"INT","precision":19,"scale":0,"columnIndex":0,"isKey":false,"isExternalId":false,"isSfIdLookup":false,"isNullable":true,"isUnique":false,"isCreateable":false,"isUpdateable":true,"isFilterable":true,"isCalculated":false,"showLabel":false,"naturalOrder":0,"linkedFields":["ID"],"relatedInfos":[],"references":[]},"expression":"ID"},{"@type":"fieldMap","id":"30733498","targetField":{"@type":"field","id":88480981,"name":"BookName","type":"nstring","uniqueName":"BookName","label":"BookName","parentObject":"CallFunction.csv","pcType":"UNISTRING","precision":50,"scale":0,"columnIndex":1,"isKey":false,"isExternalId":false,"isSfIdLookup":false,"isNullable":true,"isUnique":false,"isCreateable":false,"isUpdateable":true,"isFilterable":true,"isCalculated":false,"showLabel":false,"naturalOrder":0,"linkedFields":["BookName"],"relatedInfos":[],"references":[]},"expression":"BookName"},{"@type":"fieldMap","id":"30733501","targetField":{"@type":"field","id":88480984,"name":"BookAuthor","type":"nstring","uniqueName":"BookAuthor","label":"BookAuthor","parentObject":"CallFunction.csv","pcType":"UNISTRING","precision":50,"scale":0,"columnIndex":2,"isKey":false,"isExternalId":false,"isSfIdLookup":false,"isNullable":true,"isUnique":false,"isCreateable":false,"isUpdateable":true,"isFilterable":true,"isCalculated":false,"showLabel":false,"naturalOrder":0,"linkedFields":["BookAuthor"],"relatedInfos":[],"references":[]},"expression":"BookAuthor"},{"@type":"fieldMap","id":"30733504","targetField":{"@type":"field","id":88480987,"name":"Published","type":"nstring","uniqueName":"Published","label":"Published","parentObject":"CallFunction.csv","pcType":"UNISTRING","precision":50,"scale":0,"columnIndex":3,"isKey":false,"isExternalId":false,"isSfIdLookup":false,"isNullable":true,"isUnique":false,"isCreateable":false,"isUpdateable":true,"isFilterable":true,"isCalculated":false,"showLabel":false,"naturalOrder":0,"linkedFields":["Published"],"relatedInfos":[],"references":[]},"expression":"Published"}],"sourceFields":[{"@type":"field","id":88481011,"name":"ID","type":"bigint","uniqueName":"ID","label":"ID","parentObject":"CallFunction","pcType":"INT","precision":19,"scale":0,"columnIndex":0,"isKey":false,"isExternalId":false,"isSfIdLookup":false,"isNullable":false,"isUnique":false,"isCreateable":false,"isUpdateable":true,"isFilterable":true,"isCalculated":false,"showLabel":false,"naturalOrder":0,"linkedFields":["ID"],"relatedInfos":[],"references":[]},{"@type":"field","id":88481014,"name":"BookName","type":"varchar","uniqueName":"BookName","label":"BookName","parentObject":"CallFunction","pcType":"STRING","precision":50,"scale":0,"columnIndex":1,"isKey":false,"isExternalId":false,"isSfIdLookup":false,"isNullable":true,"isUnique":false,"isCreateable":false,"isUpdateable":true,"isFilterable":true,"isCalculated":false,"showLabel":false,"naturalOrder":0,"linkedFields":["BookName"],"relatedInfos":[],"references":[]},{"@type":"field","id":88481017,"name":"BookAuthor","type":"varchar","uniqueName":"BookAuthor","label":"BookAuthor","parentObject":"CallFunction","pcType":"STRING","precision":50,"scale":0,"columnIndex":2,"isKey":false,"isExternalId":false,"isSfIdLookup":false,"isNullable":true,"isUnique":false,"isCreateable":false,"isUpdateable":true,"isFilterable":true,"isCalculated":false,"showLabel":false,"naturalOrder":0,"linkedFields":["BookAuthor"],"relatedInfos":[],"references":[]},{"@type":"field","id":88481020,"name":"Published","type":"varchar","uniqueName":"Published","label":"Published","parentObject":"CallFunction","pcType":"STRING","precision":50,"scale":0,"columnIndex":3,"isKey":false,"isExternalId":false,"isSfIdLookup":false,"isNullable":true,"isUnique":false,"isCreateable":false,"isUpdateable":true,"isFilterable":true,"isCalculated":false,"showLabel":false,"naturalOrder":0,"linkedFields":["Published"],"relatedInfos":[],"references":[]}],"sortFields":[],"groupFields":[]}]