[{"@type":"mappingTemplate","id":"@1","name":"m_validity_expression_parm","description":"This mapping is to perform the validity quality check on individual fields or multple fields - depending on the validity expression passed.\nIn case a value on a source table is not conforming the validity expression, it will be flagged as Invalid.","bundleVersion":"0","templateId":"@3","deployTime":1609757641000,"hasParameters":true,"valid":true,"fixedConnection":true,"hasParametersDeployed":true,"fixedConnectionDeployed":true,"tasks":1,"mappingPreviewFileRecordId":"@2","documentType":"MAPPING","references":[{"@type":"reference","refObjectId":"@0Y0aoL0wMO1dkrcsXVp6UP","refType":"connection"}]}]