[{"@type":"mtTask","id":"@1","name":"Mct_RefIntCheck","description":"","runtimeEnvironmentId":"@2kgC2Qn4ugGbWV33u8NDUv","maxLogs":10,"verbose":true,"mappingId":"@0LkHgWodSCslNKizkwC5Cb","shortDescription":"","sessionPropertiesList":[],"enableCrossSchemaPushdown":true,"enableParallelRun":false,"autoTunedApplied":false,"autoTunedAppliedType":"NONE","paramFileType":"PARAM_FILE_LOCAL","parameterFileEncoding":"UTF-8","serverlessProperties":{},"parameters":[{"@type":"mtTaskParameter","id":169571416,"name":"$SrcData$","type":"EXTENDED_SOURCE","label":"Param_Src_Connection","description":"Connection where you can feed connection objec","uiProperties":{"cnxtype":"SqlServer","connectionParameterized":"true","logcnx":"Param_Src_Connection","isMsrcFilterParameterized":"false","isMsrcSortParameterized":"false","objlabel":"Param_Src_TabName","objectParameterized":"true","objDesc":""},"sourceConnectionId":"@2GEBiDoLgBQcNqxFLPgku2","newFlatFile":false,"newObject":false,"showBusinessNames":true,"naturalOrder":true,"truncateTarget":false,"bulkApiDBTarget":false,"customFuncCfg":{"@type":"customFuncConfig","id":-1,"connections":[],"inputMap":[],"outputFields":[]},"tgtFieldRefs":{},"targetUpdateColumns":[],"extendedObject":{"@type":"extendedObject","object":{"@type":"mObject","name":"EMPLOYEE","label":"EMPLOYEE","metadataUpdated":false,"relations":[],"children":[]},"filters":[],"sortFields":[]},"runtimeAttrs":{},"isRESTModernSource":true,"isFileList":false,"handleSpecialChars":false,"frsAsset":false,"dynamicFileName":false,"currentlyProcessedFileName":false,"tgtObjectAttributes":{},"runtimeParameterData":{"@type":"mtTaskRuntimeParameterData","isConnectionRuntimeParameter":false,"isObjectRuntimeParameter":false,"connectionParameterName":"Param_Src_Connection","objectParameterName":"Param_Src_TabName"},"overriddenFields":[]},{"@type":"mtTaskParameter","id":169571419,"name":"$TgtNewTab$","type":"TARGET","label":"Param_Tgt_Conn","description":"For Creating new table to hold data.","uiProperties":{"cnxtype":"SqlServer","connectionParameterized":"true","logcnx":"Param_Tgt_Conn","objlabel":"Param_Tgt_TabName","objectParameterized":"true","objDesc":"","defaultTargetUpdateColumns":"","noCreateTarget":"true"},"targetConnectionId":"@2GEBiDoLgBQcNqxFLPgku2","targetObject":"Test_compkey","targetObjectLabel":"Test_compkey","newFlatFile":false,"newObject":false,"showBusinessNames":true,"naturalOrder":true,"truncateTarget":false,"bulkApiDBTarget":false,"operationType":"Insert","customFuncCfg":{"@type":"customFuncConfig","id":-1,"connections":[],"inputMap":[],"outputFields":[]},"tgtFieldRefs":{},"targetUpdateColumns":[],"extendedObject":{"@type":"extendedObject","filters":[],"sortFields":[]},"runtimeAttrs":{"Forward Rejected Rows":"NO"},"isRESTModernSource":true,"isFileList":false,"handleSpecialChars":false,"frsAsset":false,"dynamicFileName":false,"currentlyProcessedFileName":false,"tgtObjectAttributes":{},"runtimeParameterData":{"@type":"mtTaskRuntimeParameterData","isConnectionRuntimeParameter":false,"isObjectRuntimeParameter":false,"connectionParameterName":"Param_Tgt_Conn","objectParameterName":"Param_Tgt_TabName"},"overriddenFields":[]},{"@type":"mtTaskParameter","id":169571422,"name":"$Lookup_Tab$","type":"LOOKUP","label":"Param_Lkp_ConnName","description":"LookUpConnection","uiProperties":{"cnxtype":"SqlServer","connectionParameterized":"true","logcnx":"Param_Lkp_ConnName","isCachedLookup":"true","objlabel":"Param_Lkp_TabName","objectParameterized":"true","objDesc":""},"lookupConnectionId":"@2GEBiDoLgBQcNqxFLPgku2","lookupObject":"DEPARTMENT","lookupObjectLabel":"DEPARTMENT","newFlatFile":false,"newObject":false,"showBusinessNames":true,"naturalOrder":true,"truncateTarget":false,"bulkApiDBTarget":false,"customFuncCfg":{"@type":"customFuncConfig","id":-1,"connections":[],"inputMap":[],"outputFields":[]},"tgtFieldRefs":{},"targetUpdateColumns":[],"runtimeAttrs":{},"isRESTModernSource":true,"isFileList":false,"handleSpecialChars":false,"frsAsset":false,"dynamicFileName":false,"currentlyProcessedFileName":false,"tgtObjectAttributes":{},"runtimeParameterData":{"@type":"mtTaskRuntimeParameterData","isConnectionRuntimeParameter":false,"isObjectRuntimeParameter":false,"connectionParameterName":"Param_Lkp_ConnName","objectParameterName":"Param_Lkp_TabName"},"overriddenFields":[]},{"@type":"mtTaskParameter","id":169571425,"name":"$Par_Exp_Valu$","type":"STRING","text":"IIF( ISNULL (DEPT_ID),'constraint_fail','constraint_pass')","label":"Par_Exp_Valu","description":"","uiProperties":{"paramtype":"Expression","aggregate":"false","varFuncExpr":"true","udf":"true"},"newFlatFile":false,"newObject":false,"showBusinessNames":true,"naturalOrder":true,"truncateTarget":false,"bulkApiDBTarget":false,"customFuncCfg":{"@type":"customFuncConfig","id":-1,"connections":[],"inputMap":[],"outputFields":[]},"tgtFieldRefs":{},"targetUpdateColumns":[],"runtimeAttrs":{},"isRESTModernSource":true,"isFileList":false,"handleSpecialChars":false,"frsAsset":false,"dynamicFileName":false,"currentlyProcessedFileName":false,"tgtObjectAttributes":{},"runtimeParameterData":{"@type":"mtTaskRuntimeParameterData","isConnectionRuntimeParameter":false,"isObjectRuntimeParameter":false},"overriddenFields":[]},{"@type":"mtTaskParameter","id":169571428,"name":"$Param_Lkp_Condition$","type":"STRING","text":"DEPT_ID=DEPARTMENT_ID","label":"Param_Lkp_Condition","description":"","uiProperties":{"paramtype":"Expression"},"newFlatFile":false,"newObject":false,"showBusinessNames":true,"naturalOrder":true,"truncateTarget":false,"bulkApiDBTarget":false,"customFuncCfg":{"@type":"customFuncConfig","id":-1,"connections":[],"inputMap":[],"outputFields":[]},"tgtFieldRefs":{},"targetUpdateColumns":[],"runtimeAttrs":{},"isRESTModernSource":true,"isFileList":false,"handleSpecialChars":false,"frsAsset":false,"dynamicFileName":false,"currentlyProcessedFileName":false,"tgtObjectAttributes":{},"runtimeParameterData":{"@type":"mtTaskRuntimeParameterData","isConnectionRuntimeParameter":false,"isObjectRuntimeParameter":false},"overriddenFields":[]}],"sequences":[],"inOutParameters":[],"connRuntimeAttrs":[]}]