[{"@type":"mappingTemplate","id":"@1","name":"m_uniqueness_parm","description":"This mapping is to perform the quality check on unique values.\nIn case a value on a source table is non unique, it will be flagged as Invalid.","bundleVersion":"0","templateId":"@3","deployTime":1609756004000,"hasParameters":true,"valid":true,"fixedConnection":true,"hasParametersDeployed":true,"fixedConnectionDeployed":true,"tasks":1,"mappingPreviewFileRecordId":"@2","documentType":"MAPPING","references":[{"@type":"reference","refObjectId":"@0Y0aoL0wMO1dkrcsXVp6UP","refType":"connection"}]}]