[{"@type":"mappingTemplate","id":"@1","name":"m_ref_integrity_parm","description":"This mapping is to perform the referential integrity quality check.\nIn case a specified column value on a source table is not present on a reference table, it will be flagged as Invalid.","bundleVersion":"0","templateId":"@3","deployTime":1610105479000,"hasParameters":true,"valid":true,"fixedConnection":true,"hasParametersDeployed":true,"fixedConnectionDeployed":true,"tasks":1,"mappingPreviewFileRecordId":"@2","documentType":"MAPPING","references":[{"@type":"reference","refObjectId":"@0Y0aoL0wMO1dkrcsXVp6UP","refType":"connection"}]}]