[{"@type":"mappingTemplate","id":"@1","name":"m_prep_param_file","description":"Mapping to create a parameter file C:\\Informatica\\Parameters\\DA_Migration.param from the contents of the RunParameters table","bundleVersion":"0","templateId":"@3","deployTime":1603892373000,"hasParameters":false,"valid":true,"fixedConnection":true,"hasParametersDeployed":false,"fixedConnectionDeployed":true,"tasks":0,"mappingPreviewFileRecordId":"@2","documentType":"","references":[{"@type":"reference","refObjectId":"@4WHNK60vQo1dKLuuyeKga6","refType":"connection"},{"@type":"reference","refObjectId":"@8DQON6flP1Jkz8hkKhQkwk","refType":"connection"}]}]