[{"@type":"mappingTemplate","id":"@1","name":"m_copy_tables","description":"","bundleVersion":"0","templateId":"@3","deployTime":1608219894000,"hasParameters":false,"valid":true,"fixedConnection":true,"hasParametersDeployed":false,"fixedConnectionDeployed":true,"tasks":0,"mappingPreviewFileRecordId":"@2","documentType":"MAPPING","references":[{"@type":"reference","refObjectId":"@6Ude9UIuhZGfjnsJgvmuss","refType":"connection"},{"@type":"reference","refObjectId":"@0Y0aoL0wMO1dkrcsXVp6UP","refType":"connection"}]}]